th</s>,0.054640522875816985
thr,0.0054640522875816985
the,0.6273725490196078
ths,0.002483660130718954
thu,0.003725490196078431
thm,0.0007500986971969995
thp,0.02510228052058617
tht,0.008501118568232659
thi,0.11549019607843136
tho,0.01738562091503268
thn,0.001500197394393999
thf,0.02008481991533774
thh,0.00012501644953283325
thd,0.0009934640522875817
thc,0.00024836601307189543
thl,0.0004967320261437909
tha,0.11946405228758168
thj,0.00012501644953283325
thy,0.0017385620915032678
thb,0.011937062992188052
thw,0.0004967320261437909
thk,0.0047029332240239
thg,0.015449285415861956
thv,0.010027432463324847
thq,0.0011382895701459123
thx,0.0019320967703792458
thz,0.0003295048755685536
thí,7.4887471720125805e-06
thá,2.246624151603774e-05
thó,3.74437358600629e-05
thä,0.00037504934859849975
thé,1.4977494344025161e-05
